﻿#,Material Type,Cross Section,Size (mm),Length (m),Compression Force,Compression Strength,Compression Status,Tension Force,Tension Strength,Tension Status
1,QTS,Hollow Tube,120x120x6,3.61,1437.39,648.22,Fail,0,1260.61,OK
2,QTS,Hollow Tube,120x120x6,3.16,1440.27,746.38,Fail,0,1260.61,OK
3,CS,Hollow Tube,170x170x8,4.12,1396.78,951.12,Fail,0,1231.2,OK
4,CS,Hollow Tube,170x170x8,4.12,1372.67,951.12,Fail,0,1231.2,OK
5,QTS,Hollow Tube,120x120x6,3.16,1329.25,746.38,Fail,0,1260.61,OK
6,QTS,Hollow Tube,120x120x6,3.16,1658.05,746.38,Fail,0,1260.61,OK
7,CS,Hollow Tube,170x170x8,4.12,1721.77,951.12,Fail,0,1231.2,OK
8,QTS,Hollow Tube,130x130x6,4,1631.62,687.76,Fail,0,1371.19,OK
9,CS,Hollow Tube,170x170x8,4.12,1681.68,951.12,Fail,0,1231.2,OK
10,QTS,Hollow Tube,120x120x6,3.16,1562.39,746.38,Fail,0,1260.61,OK
11,CS,Hollow Tube,170x170x8,3.61,1559.43,997.9,Fail,0,1231.2,OK
12,QTS,Solid Bar,55x55,4,0,74.51,OK,1297.53,1393.77,OK
13,QTS,Solid Bar,55x55,4,0,74.51,OK,1528.79,1393.77,Fail
14,QTS,Solid Bar,55x55,4,0,74.51,OK,1494.08,1393.77,Fail
15,QTS,Solid Bar,55x55,4,0,74.51,OK,1467.45,1393.77,Fail
16,QTS,Solid Bar,55x55,4,0,74.51,OK,1528.58,1393.77,Fail
17,QTS,Solid Bar,55x55,4,0,74.51,OK,1376.78,1393.77,OK
18,QTS,Solid Bar,55x55,4,0,74.51,OK,1103.82,1393.77,OK
19,QTS,Solid Bar,55x55,4,0,74.51,OK,1266.34,1393.77,OK
20,QTS,Solid Bar,55x55,4,0,74.51,OK,1122.63,1393.77,OK
21,QTS,Solid Bar,55x55,4,0,74.51,OK,1252.67,1393.77,OK
22,QTS,Solid Bar,55x55,4,0,74.51,OK,1195.98,1393.77,OK
23,QTS,Hollow Tube,120x120x6,3.61,1326.63,648.22,Fail,0,1260.61,OK
24,QTS,Hollow Tube,130x130x6,3.61,1654.68,774.85,Fail,0,1371.19,OK
25,QTS,Hollow Tube,80x80x4,2.24,0,312.8,OK,438.69,560.27,OK
26,CS,Hollow Tube,90x90x4,3.61,189.73,177.95,Fail,271.63,326.8,OK
27,QTS,Hollow Tube,80x80x4,3.61,61.09,141.16,OK,255.6,560.27,OK
28,QTS,Hollow Tube,80x80x4,4.47,0,91.76,OK,453.73,560.27,OK
29,QTS,Hollow Tube,80x80x4,4.47,6.33,91.76,OK,384.01,560.27,OK
30,QTS,Hollow Tube,80x80x4,4.47,65.86,91.76,OK,324.47,560.27,OK
31,QTS,Hollow Tube,80x80x4,4.47,0,91.76,OK,519.3,560.27,OK
32,QTS,Hollow Tube,80x80x4,3.61,96.42,141.16,OK,228.07,560.27,OK
33,CS,Hollow Tube,90x90x4,3.61,162.09,177.95,OK,307.06,326.8,OK
34,QTS,Hollow Tube,80x80x4,2.24,0,312.8,OK,412.98,560.27,OK
35,QTS,Hollow Tube,80x80x4,2.24,0,312.8,OK,351.54,560.27,OK
36,QTS,Hollow Tube,80x80x4,3.61,85.89,141.16,OK,365.28,560.27,OK
37,QTS,Hollow Tube,80x80x4,3.61,154.73,141.16,Fail,151.77,560.27,OK
38,CS,Hollow Tube,90x90x4,4.47,0,132.06,OK,581.96,326.8,Fail
39,QTS,Hollow Tube,80x80x4,4.47,0,91.76,OK,519.76,560.27,OK
40,QTS,Hollow Tube,80x80x4,3.61,123.09,141.16,OK,184.62,560.27,OK
41,QTS,Hollow Tube,80x80x4,3.61,118.73,141.16,OK,333.63,560.27,OK
42,QTS,Hollow Tube,80x80x4,2.24,0,312.8,OK,380.98,560.27,OK
